Name,Email,Address
Norma Freeman,barbarabaker@yahoo.com,"0418 Edward Valley Apt. 969 Davisland, VT 89737"
Susan Gates,rwallace@crane-williams.org,"438 Jones Freeway East Williamview, NC 81120"
Paul Smith,johnhowell@welch.com,"PSC 8674, Box 3268 APO AP 88266"
Melissa Gonzales,amy42@choi-adkins.com,"262 Brown Village Apt. 663 Lake Dannyfort, NV 87232"
Eric Gibson,zsmith@hotmail.com,"549 Gina Locks Suite 666 Ashleyborough, LA 99934"
Jeffrey Jackson,sandra31@yahoo.com,"85189 John Square South Elizabethview, NE 13395"
Cynthia Melendez,angela78@diaz.com,"5950 Bond Island Apt. 712 East Heatherbury, ID 90351"
Francisco Thompson,suttonnina@gmail.com,"5438 Mary Springs Apt. 055 Mikaylashire, IN 95205"
Katie Crawford,josephvictoria@oliver.com,"160 Alicia Turnpike Suite 388 Perezborough, ND 12857"
Danielle Cox,hgarcia@roman.org,"61972 Clark Place Suite 388 Jenniferburgh, AK 74045"
